row_id,target
0-4,0.002631242573261261
0-32,0.0012420079857110976
0-34,0.0012420079857110976
