row_id,target
0-4,0.001191166415810585
0-32,0.0008882787823677063
0-34,0.0008882787823677063
