row_id,target
0-4,0.0021934251487255095
0-32,0.0007017891108989715
0-34,0.0007017891108989715
